the type of fitness evaluation,the size of time window,a1 for 3th fitness evaluation,a2 for 3th fitness evaluation
0,500,0,0
1,500,0,0
2,500,0,0
3,500,0.000001,0.1
3,500,0.000001,0.5
3,500,0.000001,1
0,1000,0,0
1,1000,0,0
2,1000,0,0
3,1000,0.000001,0.1
3,1000,0.000001,0.5
3,1000,0.000001,1
